{
  "full_remote|none|4g": {
    "mode": "full_remote",
    "resize_target": "none",
    "network_type": "4g",
    "samples": 3,
    "client_total_stats": {
      "count": 3,
      "avg": 743.6333333353201,
      "median": 687.2000000178814,
      "p90": 687.2000000178814,
      "min": 665.6999999880791,
      "max": 878,
      "std": 95.41615283676471
    },
    "server_total_stats": {
      "count": 3,
      "avg": 122.39753333172605,
      "median": 121.80239999725018,
      "p90": 121.80239999725018,
      "min": 113.55540000658948,
      "max": 131.8347999913385,
      "std": 7.474389772860571
    },
    "network_ms_stats": {
      "count": 3,
      "avg": 707.0333333412806,
      "median": 658.7000000178814,
      "p90": 658.7000000178814,
      "min": 633.8000000119209,
      "max": 828.5999999940395,
      "std": 86.5595876872168
    },
    "end_to_end_stats": {
      "count": 3,
      "avg": 866.0308666670462,
      "median": 800.7554000244709,
      "p90": 800.7554000244709,
      "min": 797.5347999794176,
      "max": 999.8023999972502,
      "std": 94.59989574799735
    }
  },
  "classify_only|none|4g": {
    "mode": "classify_only",
    "resize_target": "none",
    "network_type": "4g",
    "samples": 1,
    "client_total_stats": {
      "count": 1,
      "avg": 412.59999999403954,
      "median": 412.59999999403954,
      "p90": 412.59999999403954,
      "min": 412.59999999403954,
      "max": 412.59999999403954,
      "std": 0.0
    },
    "server_total_stats": {},
    "network_ms_stats": {
      "count": 1,
      "avg": 398.69999998807907,
      "median": 398.69999998807907,
      "p90": 398.69999998807907,
      "min": 398.69999998807907,
      "max": 398.69999998807907,
      "std": 0.0
    },
    "end_to_end_stats": {}
  }
}